{

"enabled":true,

"playerCoins":2000.0,
"coinName":"()",
"exchangeDistance":10,

"guardianRuneRechargeCost":1500,

"attributeResetCost":250,

"settlementCreateCost":0,
"factionCreateCost":0,
"settlementRenameCost":0,
"factionRenameCost":0,

"imports":{
	"DIRT":1.5625,
	"COBBLESTONE":1.875,
	"SAND":1.875,
	"GRAVEL":1.875,
	"LOG":6.25,
	"SPONGE":625,
	"WOOL":3.75,
	"YELLOW_FLOWER":1.25,
	"RED_ROSE":1.25,
	"BROWN_MUSHROOM":6.25,
	"RED_MUSHROOM":6.25,
	"OBSIDIAN":208.333333333333,
	"CACTUS":3.75,
	"PUMPKIN":4.375,
	"NETHERRACK":3.75,
	"VINE":9.375,
	"WATER_LILY":9.375,
	"NETHER_BRICK":12.5,
	"NETHER_FENCE":12.5,
	"ENDER_STONE":37.5,
	"APPLE":3.4375,
	"COAL":18.75,
	"DIAMOND":625,
	"GOLD_ORE":416.032608695652,
	"IRON_ORE":35.5978260869565,
	"STRING":3.375,
	"FEATHER":1.875,
	"SULPHUR":37.5,
	"SEEDS":1.5625,
	"WHEAT":1.875,
	"FLINT":2.5,
	"REDSTONE":12.5,
	"LEATHER":15,
	"CLAY":5,
	"SUGAR_CANE":2.5,
	"SLIME_BALL":225,
	"GLOWSTONE":25,
	"BONE":4.6875,
	"PUMPKIN_SEEDS":12.5,
	"MELON_SEEDS":12.5,
	"ENDER_PEARL":104.166666666667,
	"BLAZE_ROD":104.166666666667,
	"NETHER_WARTS":62.5,
	
	
	"IRON_INGOT":62.5,
	"GOLD_INGOT":500,
	"GRILLED_PORK":7.5,
	"COOKED_FISH":7.5,
	"COOKED_BEEF":7.5,
	"COOKED_CHICKEN":6.25,
	"BAKED_POTATO":6.25,
	
	
	"STONE":3.8671875,
	"WOOD":1.640625,
	"GLASS":3.8671875,
	"SANDSTONE":7.875,
	"BRICK":33.78125,
	"TNT":204.75,
	"BOOKSHELF":39.8475,
	"STICK":0.861328125,
	"TORCH":5.1479736328125,
	"CHEST":13.78125,
	"FURNACE":15.75,
	"LEVER":2.87314453125,
	"STONE_BUTTON":8.12109375,
	"JUKEBOX":701.9375,
	"FENCE":2.71318359375,
	"SMOOTH_BRICK":17.015625,
	"IRON_FENCE":24.609375,
	"THIN_GLASS":1.522705078125,
	"FENCE_GATE":7.062890625,
	"FLINT_AND_STEEL":68.25,
	"BOW":13.34443359375,
	"ARROW":5.49814453125,
	"MUSHROOM_SOUP":19.1640625,
	"BREAD":6.25,
	"GOLDEN_APPLE":492.670138888889,
	"SIGN":11.24033203125,
	"WOODEN_DOOR":10.3359375,
	"BUCKET":196.875,
	"MINECART":328.125,
	"BOAT":8.61328125,
	"PAPER":2.625,
	"BOOK":8.26875,
	"FISHING_ROD":10.2673828125,
	"WATCH":2314.375,
	"CAKE":697.90625,
	"COOKIE":8.28515625,
	"SHEARS":131.25,
	
	"WOOD_SWORD":4.5568359375,
	"WOOD_SPADE":3.699609375,
	"WOOD_PICKAXE":7.308984375,
	"WOOD_AXE":7.308984375,
	"WOOD_HOE":5.504296875,
	
	"STONE_SWORD":5.0724609375,
	"STONE_SPADE":3.957421875,
	"STONE_PICKAXE":8.082421875,
	"STONE_AXE":8.082421875,
	"STONE_HOE":6.019921875,
	"LEATHER_HELMET":9.0234375,
	"LEATHER_CHESTPLATE":14.4375,
	"LEATHER_LEGGINGS":12.6328125,
	"LEATHER_BOOTS":7.21875,
	
	"IRON_SWORD":138.4474609375,
	"IRON_SPADE":70.644921875,
	"IRON_PICKAXE":208.144921875,
	"IRON_AXE":208.144921875,
	"IRON_HOE":139.394921875,
	"IRON_HELMET":343.75,
	"IRON_CHESTPLATE":550,
	"IRON_LEGGINGS":481.25,
	"IRON_BOOTS":275,
	
	"GOLD_SWORD":1100.9474609375,
	"GOLD_SPADE":551.894921875,
	"GOLD_PICKAXE":1651.894921875,
	"GOLD_AXE":1651.894921875,
	"GOLD_HOE":1101.894921875,
	"GOLD_HELMET":2750,
	"GOLD_CHESTPLATE":4400,
	"GOLD_LEGGINGS":3850,
	"GOLD_BOOTS":2200,
	
	"DIAMOND_SWORD":1375.9474609375,
	"DIAMOND_SPADE":689.394921875,
	"DIAMOND_PICKAXE":2064.394921875,
	"DIAMOND_AXE":2064.394921875,
	"DIAMOND_HOE":1376.894921875,
	"DIAMOND_HELMET":3437.5,
	"DIAMOND_CHESTPLATE":5500,
	"DIAMOND_LEGGINGS":4812.5,
	"DIAMOND_BOOTS":2750
},

"factionClaimsPointsWage":{"x1":0,"y1":0,"x2":40,"y2":100},
"factionWageHierarchyMultiplier":{"x1":1,"y1":0.60,"x2":3,"y2":1.0},
"factionWagesTime":"SUNRISE",
"factionKillReward":{"x1":0,"y1":50,"x2":3,"y2":500},

"tPostExports":[
	{"type":"IRON_INGOT","amount":1,"price":55,           "reqWork":2},
	{"type":"GRILLED_PORK","amount":1,"price":6.6,        "reqWork":2},
	{"type":"COOKED_BEEF","amount":1,"price":6.6,         "reqWork":2},
	{"type":"COOKED_CHICKEN","amount":1,"price":5.6,      "reqWork":2},
	{"type":"BAKED_POTATO","amount":1,"price":5.5,        "reqWork":2},
	{"type":"WOOD","data":0,"amount":12,"price":1.44375,  "reqWork":2},
	{"type":"WOOD","data":1,"amount":12,"price":1.44375,  "reqWork":2},
	{"type":"WOOD","data":2,"amount":12,"price":1.44375,  "reqWork":2},
	{"type":"WOOD","data":3,"amount":12,"price":1.44375,  "reqWork":2},
	{"type":"BREAD","amount":6,"price":5.5,               "reqWork":2}

],

"enableHooking":true

}